"","ALTERNATIVE","TIME"
"1","cloud","274.506763"
"2","cloud","177.443642"
"3","cloud","177.974771"
"4","cloud","278.83624"
"5","cloud","192.68591"
"6","cloud","301.885456"
"7","cloud","278.842507"
"8","cloud","649.234896"
"9","cloud","254.413094"
"10","cloud","218.699717"
"11","cloud","265.966337"
"12","cloud","222.519405"
"13","cloud","303.602408"
"14","cloud","191.913439"
"15","cloud","325.300702"
"16","cloud","242.638937"
"17","cloud","294.722272"
"18","cloud","311.996683"
"19","cloud","264.092555"
"20","cloud","270.450704"
"21","cloud","246.414479"
"22","cloud","230.73344"
"23","cloud","296.256596"
"24","cloud","278.261833"
"25","cloud","205.22288"
"26","cloud","261.748689"
"27","cloud","203.141959"
"28","cloud","227.931831"
"29","cloud","269.933274"
"30","cloud","293.525563"
"31","cloud","273.107259"
"32","cloud","240.326627"
"33","cloud","274.307685"
"34","cloud","281.647577"
"35","cloud","227.764632"
"36","cloud","228.748344"
"37","cloud","179.725356"
"38","cloud","300.652776"
"39","cloud","274.31501"
"40","cloud","193.963839"
"41","cloud","264.744738"
"42","cloud","185.554711"
"43","cloud","257.484358"
"44","cloud","272.376165"
"45","cloud","585.298344"
"46","cloud","255.678396"
"47","cloud","267.474577"
"48","cloud","292.096431"
"49","cloud","302.651867"
"50","cloud","302.240407"
"51","cloud","286.142338"
"52","cloud","271.043641"
"53","cloud","284.76002"
"54","cloud","265.805319"
"55","cloud","180.556406"
"56","cloud","306.204404"
"57","cloud","247.066568"
"58","cloud","321.434969"
"59","cloud","271.569242"
"60","cloud","293.046168"
"61","cloud","345.175009"
"62","cloud","345.418612"
"63","cloud","245.954644"
"64","cloud","315.962151"
"65","cloud","316.5731"
"66","cloud","265.411579"
"67","cloud","258.103337"
"68","cloud","245.451577"
"69","cloud","234.408986"
"70","cloud","267.419732"
"71","cloud","326.65441"
"72","cloud","312.159717"
"73","cloud","314.628353"
"74","cloud","198.269497"
"75","cloud","275.844563"
"76","cloud","302.556736"
"77","cloud","281.64447"
"78","cloud","305.09526"
"79","cloud","204.345461"
"80","cloud","341.618799"
"81","cloud","304.808955"
"82","cloud","284.079871"
"83","cloud","285.912212"
"84","cloud","243.632248"
"85","cloud","291.241132"
"86","cloud","216.318834"
"87","cloud","335.29345"
"88","cloud","304.517125"
"89","cloud","256.629539"
"90","cloud","297.545405"
"91","cloud","281.446237"
"92","cloud","273.289363"
"93","cloud","236.972578"
"94","cloud","330.895244"
"95","cloud","297.702461"
"96","cloud","335.243661"
"97","cloud","289.08282"
"98","cloud","239.547501"
"99","cloud","234.620701"
"100","cloud","261.576149"
"101","cloud","300.66468"
"102","cloud","268.006113"
"103","cloud","279.334034"
"104","cloud","284.648759"
"105","cloud","241.943892"
"106","cloud","277.579878"
"107","cloud","312.767582"
"108","cloud","287.603076"
"109","cloud","223.096398"
"110","cloud","251.482542"
"111","cloud","243.105046"
"112","cloud","199.501348"
"113","cloud","217.163458"
"114","cloud","290.789909"
"115","cloud","242.599519"
"116","cloud","169.598952"
"117","cloud","240.951976"
"118","cloud","325.451303"
"119","cloud","266.6924"
"120","cloud","269.06227"
"121","cloud","288.65379"
"122","cloud","358.244505"
"123","cloud","252.20074"
"124","cloud","256.408404"
"125","cloud","289.30278"
"126","cloud","227.718726"
"127","cloud","278.04861"
"128","cloud","186.97952"
"129","cloud","294.58177"
"130","cloud","306.289001"
"131","cloud","288.96354"
"132","cloud","242.290013"
"133","cloud","210.40845"
"134","cloud","240.600913"
"135","cloud","230.490291"
"136","cloud","262.082218"
"137","cloud","274.958306"
"138","cloud","220.69624"
"139","cloud","234.532505"
"140","cloud","241.019909"
"141","cloud","287.437632"
"142","cloud","306.894329"
"143","cloud","235.078836"
"144","cloud","215.674749"
"145","cloud","285.615704"
"146","cloud","342.996628"
"147","cloud","257.473901"
"148","cloud","192.269494"
"149","cloud","293.172776"
"150","cloud","280.853637"
"151","cloud","253.259402"
"152","cloud","195.678228"
"153","cloud","235.602255"
"154","cloud","219.67326"
"155","cloud","299.340116"
"156","cloud","5335.069947"
"157","cloud","284.064013"
"158","cloud","251.351662"
"159","cloud","232.323256"
"160","cloud","291.358351"
"161","cloud","289.222776"
"162","cloud","258.859746"
"163","cloud","263.951518"
"164","cloud","282.585785"
"165","cloud","272.14347"
"166","cloud","267.080498"
"167","cloud","249.104694"
"168","cloud","293.992331"
"169","cloud","541.741514"
"170","cloud","237.307357"
"171","cloud","204.956673"
"172","cloud","279.46087"
"173","cloud","270.200724"
"174","cloud","303.639415"
"175","cloud","230.098651"
"176","cloud","336.725977"
"177","cloud","270.093164"
"178","cloud","241.237434"
"179","cloud","277.60055"
"180","cloud","236.237179"
"181","cloud","302.517462"
"182","cloud","208.442449"
"183","cloud","288.759125"
"184","cloud","280.208351"
"185","cloud","224.727676"
"186","cloud","255.712208"
"187","cloud","355.524322"
"188","cloud","223.894112"
"189","cloud","273.049576"
"190","cloud","235.41686"
"191","cloud","295.482444"
"192","cloud","194.122354"
"193","cloud","275.018848"
"194","cloud","230.15651"
"195","cloud","209.758145"
"196","cloud","295.88446"
"197","cloud","261.21484"
"198","cloud","272.919431"
"199","cloud","196.165657"
"200","cloud","259.733617"
"201","cloud","238.882288"
"202","cloud","268.002313"
"203","cloud","270.289051"
"204","cloud","318.204816"
"205","cloud","270.868905"
"206","cloud","303.868413"
"207","cloud","285.543935"
"208","cloud","589.065018"
"209","cloud","259.283375"
"210","cloud","230.501976"
"211","cloud","297.465705"
"212","cloud","229.019869"
"213","cloud","281.703938"
"214","cloud","246.174891"
"215","cloud","206.456704"
"216","cloud","184.020606"
"217","cloud","289.392577"
"218","cloud","214.197697"
"219","cloud","257.051631"
"220","cloud","302.36236"
"221","cloud","248.735108"
"222","cloud","286.187001"
"223","cloud","224.460787"
"224","cloud","327.832592"
"225","cloud","253.557339"
"226","cloud","303.339591"
"227","cloud","322.426858"
"228","cloud","276.004718"
"229","cloud","237.140705"
"230","cloud","297.369588"
"231","cloud","240.562217"
"232","cloud","329.78014"
"233","cloud","260.266334"
"234","cloud","309.959205"
"235","cloud","238.250855"
"236","cloud","268.322057"
"237","cloud","347.950246"
"238","cloud","244.795638"
"239","cloud","210.159744"
"240","cloud","291.551423"
"241","cloud","184.969601"
"242","cloud","271.336731"
"243","cloud","334.56268"
"244","cloud","240.77765"
"245","cloud","316.714508"
"246","cloud","369.247568"
"247","cloud","324.250338"
"248","cloud","275.365859"
"249","cloud","297.523863"
"250","cloud","258.608922"
"251","cloud","256.75242"
"252","cloud","321.48285"
"253","cloud","249.746541"
"254","cloud","236.046526"
"255","cloud","318.040083"
"256","cloud","262.625124"
"257","cloud","297.028835"
"258","cloud","302.890739"
"259","cloud","264.270589"
"260","cloud","251.221892"
"261","cloud","252.92592"
"262","cloud","280.38985"
"263","cloud","329.621673"
"264","cloud","314.958796"
"265","cloud","299.163516"
"266","cloud","288.614646"
"267","cloud","273.252198"
"268","cloud","258.879985"
"269","cloud","253.878743"
"270","cloud","258.240449"
"271","cloud","293.803509"
"272","cloud","323.063498"
"273","cloud","277.485106"
"274","cloud","274.732708"
"275","cloud","261.641687"
"276","cloud","291.132106"
"277","cloud","211.971847"
"278","cloud","269.363145"
"279","cloud","284.047733"
"280","cloud","239.520525"
"281","cloud","237.859955"
"282","cloud","275.762267"
"283","cloud","284.886876"
"284","cloud","286.044092"
"285","cloud","255.245389"
"286","cloud","254.77772"
"287","cloud","316.672623"
"288","cloud","224.852327"
"289","cloud","284.064025"
"290","cloud","319.07447"
"291","cloud","340.676374"
"292","cloud","323.726893"
"293","cloud","309.084531"
"294","cloud","560.033084"
"295","cloud","322.94734"
"296","cloud","303.698962"
"297","cloud","220.406341"
"298","cloud","289.915344"
"299","cloud","287.727889"
"300","cloud","257.23587"
"301","cloud","264.926451"
"302","cloud","156.668731"
"303","cloud","199.216071"
"304","cloud","281.696592"
"305","cloud","164.860422"
"306","cloud","223.643301"
"307","cloud","176.656504"
"308","cloud","260.66594"
"309","cloud","182.360347"
"310","cloud","243.290756"
"311","cloud","203.995581"
"312","cloud","246.943698"
"313","cloud","193.183842"
"314","cloud","178.067899"
"315","cloud","221.370628"
"316","cloud","260.729828"
"317","cloud","196.617058"
"318","cloud","258.643817"
"319","cloud","292.710532"
"320","cloud","213.196569"
"321","cloud","146.648349"
"322","cloud","151.302209"
"323","cloud","287.146256"
"324","cloud","167.12096"
"325","cloud","196.694977"
"326","cloud","250.664532"
"327","cloud","242.631464"
"328","cloud","215.429281"
"329","cloud","519.23189"
"330","cloud","190.088885"
"331","cloud","251.082899"
"332","cloud","243.39298"
"333","cloud","259.447795"
"334","cloud","185.682835"
"335","cloud","165.827553"
"336","cloud","231.98185"
"337","cloud","220.462111"
"338","cloud","190.335566"
"339","cloud","282.395976"
"340","cloud","287.757653"
"341","cloud","239.040932"
"342","cloud","194.796931"
"343","cloud","220.697467"
"344","cloud","210.265616"
"345","cloud","259.491755"
"346","cloud","217.812709"
"347","cloud","219.844464"
"348","cloud","191.083384"
"349","cloud","207.269711"
"350","cloud","205.135601"
"351","cloud","243.737174"
"352","cloud","185.166874"
"353","cloud","250.675378"
"354","cloud","215.463509"
"355","cloud","232.801237"
"356","cloud","275.412962"
"357","cloud","231.87202"
"358","cloud","432.877281"
"359","cloud","269.784645"
"360","cloud","217.531338"
"361","cloud","230.080091"
"362","cloud","187.1725"
"363","cloud","264.699898"
"364","cloud","308.268437"
"365","cloud","246.289441"
"366","cloud","253.843971"
"367","cloud","189.350704"
"368","cloud","252.166345"
"369","cloud","257.494189"
"370","cloud","209.669146"
"371","cloud","213.471037"
"372","cloud","185.827952"
"373","cloud","162.520971"
"374","cloud","160.22854"
"375","cloud","245.126365"
"376","cloud","182.687136"
"377","cloud","210.065406"
"378","cloud","293.893955"
"379","cloud","248.976067"
"380","cloud","250.000924"
"381","cloud","194.925425"
"382","cloud","157.153627"
"383","cloud","248.663926"
"384","cloud","217.940887"
"385","cloud","256.647848"
"386","cloud","225.998027"
"387","cloud","219.07919"
"388","cloud","200.245668"
"389","cloud","220.639248"
"390","cloud","232.082342"
"391","cloud","230.725368"
"392","cloud","168.216969"
"393","cloud","310.248955"
"394","cloud","276.333446"
"395","cloud","276.064297"
"396","cloud","236.709888"
"397","cloud","199.384444"
"398","cloud","219.517377"
"399","cloud","222.08682"
"400","cloud","236.884694"
"401","cloud","261.30921"
"402","cloud","211.344508"
"403","cloud","224.281999"
"404","cloud","273.827597"
"405","cloud","225.084382"
"406","cloud","237.11713"
"407","cloud","257.013042"
"408","cloud","221.706219"
"409","cloud","270.072803"
"410","cloud","237.912627"
"411","cloud","270.487358"
"412","cloud","251.034682"
"413","cloud","253.23062"
"414","cloud","225.947499"
"415","cloud","289.678466"
"416","cloud","262.813826"
"417","cloud","276.212473"
"418","cloud","265.344893"
"419","cloud","228.319616"
"420","cloud","305.518873"
"421","cloud","178.834795"
"422","cloud","294.874264"
"423","cloud","250.875675"
"424","cloud","307.954969"
"425","cloud","243.370823"
"426","cloud","268.415388"
"427","cloud","281.085021"
"428","cloud","238.282741"
"429","cloud","261.862019"
"430","cloud","249.13825"
"431","cloud","258.550867"
"432","cloud","237.264278"
"433","cloud","269.404625"
"434","cloud","223.677309"
"435","cloud","220.650057"
"436","cloud","249.780177"
"437","cloud","295.337873"
"438","cloud","232.800252"
"439","cloud","265.800556"
"440","cloud","188.496339"
"441","cloud","218.948072"
"442","cloud","258.343948"
"443","cloud","283.982072"
"444","cloud","258.809831"
"445","cloud","234.668157"
"446","cloud","251.209661"
"447","cloud","293.341718"
"448","cloud","221.192471"
"449","cloud","331.877794"
"450","cloud","263.693838"
"451","cloud","262.618896"
"452","cloud","246.512459"
"453","cloud","303.704057"
"454","cloud","260.323691"
"455","cloud","276.755908"
"456","cloud","229.468261"
"457","cloud","314.880921"
"458","cloud","215.473086"
"459","cloud","276.596543"
"460","cloud","207.355028"
"461","cloud","308.035379"
"462","cloud","245.604589"
"463","cloud","227.022907"
"464","cloud","254.756864"
"465","cloud","231.312389"
"466","cloud","331.093478"
"467","cloud","222.20856"
"468","cloud","225.34758"
"469","cloud","302.386453"
"470","cloud","307.731564"
"471","cloud","296.381083"
"472","cloud","231.195054"
"473","cloud","639.9118"
"474","cloud","251.672391"
"475","cloud","278.445056"
"476","cloud","271.248172"
"477","cloud","303.997947"
"478","cloud","289.876207"
"479","cloud","272.781641"
"480","cloud","250.940963"
"481","cloud","235.237331"
"482","cloud","281.193916"
"483","cloud","277.959014"
"484","cloud","245.710654"
"485","cloud","219.645624"
"486","cloud","239.099662"
"487","cloud","224.832205"
"488","cloud","298.915278"
"489","cloud","258.915583"
"490","cloud","219.074973"
"491","cloud","254.911819"
"492","cloud","273.743609"
"493","cloud","302.944342"
"494","cloud","270.727637"
"495","cloud","274.800699"
"496","cloud","320.814838"
"497","cloud","307.573726"
"498","cloud","302.460982"
"499","cloud","214.823017"
"500","cloud","233.273376"
"501","cloud","251.148233"
"502","cloud","221.15614"
"503","cloud","234.323467"
"504","cloud","215.959881"
"505","cloud","173.335168"
"506","cloud","218.298116"
"507","cloud","247.788359"
"508","cloud","252.210422"
"509","cloud","304.710482"
"510","cloud","258.929879"
"511","cloud","214.294801"
"512","cloud","251.726804"
"513","cloud","277.393389"
"514","cloud","259.238647"
"515","cloud","153.499631"
"516","cloud","374.695595"
"517","cloud","283.018416"
"518","cloud","213.36569"
"519","cloud","191.72085"
"520","cloud","227.840489"
"521","cloud","239.600156"
"522","cloud","341.333569"
"523","cloud","214.231515"
"524","cloud","217.482221"
"525","cloud","170.552866"
"526","cloud","222.036483"
"527","cloud","257.956385"
"528","cloud","234.053295"
"529","cloud","260.080588"
"530","cloud","222.305464"
"531","cloud","296.086875"
"532","cloud","179.815149"
"533","cloud","226.342685"
"534","cloud","293.592853"
"535","cloud","207.503497"
"536","cloud","266.706828"
"537","cloud","170.212815"
"538","cloud","242.212585"
"539","cloud","227.885887"
"540","cloud","287.608688"
"541","cloud","239.669425"
"542","cloud","218.041618"
"543","cloud","260.297504"
"544","cloud","177.784304"
"545","cloud","221.758202"
"546","cloud","218.176843"
"547","cloud","124.983335"
"548","cloud","275.065021"
"549","cloud","208.401502"
"550","cloud","213.823261"
"551","cloud","200.764284"
"552","cloud","240.670143"
"553","cloud","284.301528"
"554","cloud","327.026673"
"555","cloud","259.877952"
"556","cloud","265.508264"
"557","cloud","179.834048"
"558","cloud","217.027305"
"559","cloud","214.367113"
"560","cloud","229.845339"
"561","cloud","267.322478"
"562","cloud","208.966945"
"563","cloud","274.459069"
"564","cloud","172.422669"
"565","cloud","204.653846"
"566","cloud","253.079813"
"567","cloud","182.894566"
"568","cloud","179.956937"
"569","cloud","300.897628"
"570","cloud","230.097405"
"571","cloud","181.787459"
"572","cloud","179.533396"
"573","cloud","186.101917"
"574","cloud","265.826817"
"575","cloud","242.917069"
"576","cloud","179.325494"
"577","cloud","234.13149"
"578","cloud","271.743129"
"579","cloud","156.561849"
"580","cloud","169.91951"
"581","cloud","393.137124"
"582","cloud","320.759859"
"583","cloud","667.164369"
"584","cloud","268.98573"
"585","cloud","274.911401"
"586","cloud","236.972112"
"587","cloud","339.131472"
"588","cloud","174.598816"
"589","cloud","362.902877"
"590","cloud","190.28579"
"591","cloud","283.44909"
"592","cloud","210.96678"
"593","cloud","241.925502"
"594","cloud","223.266796"
"595","cloud","258.221659"
"596","cloud","333.442829"
"597","cloud","280.328267"
"598","cloud","443.530167"
"599","cloud","211.964538"
"600","cloud","291.30315"
"601","remote","60.331537"
"602","remote","95.851657"
"603","remote","125.498805"
"604","remote","132.999931"
"605","remote","172.073562"
"606","remote","71.571512"
"607","remote","187.117523"
"608","remote","131.570807"
"609","remote","177.023738"
"610","remote","145.121464"
"611","remote","234.347754"
"612","remote","132.294642"
"613","remote","114.448829"
"614","remote","169.816993"
"615","remote","156.551766"
"616","remote","77.073596"
"617","remote","93.191216"
"618","remote","50.241875"
"619","remote","27.833721"
"620","remote","137.056765"
"621","remote","148.65391"
"622","remote","97.517682"
"623","remote","101.057421"
"624","remote","47.070414"
"625","remote","95.597202"
"626","remote","110.765413"
"627","remote","82.100684"
"628","remote","32.860547"
"629","remote","27.583587"
"630","remote","136.780157"
"631","remote","33.524137"
"632","remote","72.973451"
"633","remote","76.734943"
"634","remote","113.324623"
"635","remote","1578.859117"
"636","remote","79.87733"
"637","remote","35.49905"
"638","remote","147.357536"
"639","remote","137.515697"
"640","remote","102.143768"
"641","remote","119.997566"
"642","remote","77.293671"
"643","remote","128.859839"
"644","remote","29.751826"
"645","remote","149.363474"
"646","remote","137.152282"
"647","remote","153.428537"
"648","remote","115.230021"
"649","remote","63.305162"
"650","remote","157.0022"
"651","remote","99.784977"
"652","remote","119.331325"
"653","remote","110.968814"
"654","remote","88.504857"
"655","remote","137.777861"
"656","remote","116.011896"
"657","remote","96.257046"
"658","remote","109.748114"
"659","remote","119.993288"
"660","remote","147.525189"
"661","remote","161.840851"
"662","remote","124.701173"
"663","remote","134.870732"
"664","remote","68.142977"
"665","remote","119.805256"
"666","remote","125.434628"
"667","remote","91.88906"
"668","remote","132.245691"
"669","remote","107.968355"
"670","remote","78.007189"
"671","remote","105.315531"
"672","remote","128.022969"
"673","remote","94.69689"
"674","remote","130.596369"
"675","remote","69.852166"
"676","remote","81.146213"
"677","remote","97.267105"
"678","remote","86.619253"
"679","remote","119.560636"
"680","remote","74.345981"
"681","remote","122.733889"
"682","remote","89.806339"
"683","remote","158.280601"
"684","remote","126.339301"
"685","remote","97.713251"
"686","remote","57.994"
"687","remote","132.750602"
"688","remote","129.314345"
"689","remote","98.296771"
"690","remote","111.974468"
"691","remote","88.631"
"692","remote","125.459913"
"693","remote","113.313968"
"694","remote","166.83406"
"695","remote","107.208994"
"696","remote","87.050072"
"697","remote","118.232132"
"698","remote","99.315999"
"699","remote","61.617951"
"700","remote","172.455774"
"701","remote","71.3236"
"702","remote","127.661407"
"703","remote","69.395031"
"704","remote","93.162823"
"705","remote","88.718575"
"706","remote","61.087601"
"707","remote","117.760793"
"708","remote","134.034647"
"709","remote","65.443485"
"710","remote","101.980178"
"711","remote","136.24927"
"712","remote","86.289373"
"713","remote","59.356122"
"714","remote","139.470581"
"715","remote","95.997949"
"716","remote","106.558433"
"717","remote","85.196968"
"718","remote","90.215015"
"719","remote","63.950958"
"720","remote","23.238796"
"721","remote","118.564984"
"722","remote","125.877873"
"723","remote","59.557243"
"724","remote","108.341233"
"725","remote","139.715057"
"726","remote","115.085155"
"727","remote","72.685289"
"728","remote","123.782817"
"729","remote","69.035145"
"730","remote","161.638543"
"731","remote","78.435541"
"732","remote","58.989524"
"733","remote","61.476033"
"734","remote","15.673986"
"735","remote","134.151036"
"736","remote","80.50844"
"737","remote","31.443379"
"738","remote","125.867796"
"739","remote","53.184851"
"740","remote","79.600248"
"741","remote","81.675002"
"742","remote","85.431604"
"743","remote","84.6145"
"744","remote","63.898506"
"745","remote","73.775315"
"746","remote","91.786002"
"747","remote","58.899899"
"748","remote","114.344432"
"749","remote","93.155974"
"750","remote","136.78365"
"751","remote","48.264148"
"752","remote","76.59604"
"753","remote","146.226017"
"754","remote","108.984917"
"755","remote","132.35341"
"756","remote","64.386194"
"757","remote","89.806709"
"758","remote","94.79985"
"759","remote","135.19884"
"760","remote","117.438541"
"761","remote","141.66525"
"762","remote","124.108678"
"763","remote","133.138531"
"764","remote","131.581426"
"765","remote","82.59915"
"766","remote","101.957694"
"767","remote","99.508486"
"768","remote","54.07851"
"769","remote","62.261162"
"770","remote","112.711919"
"771","remote","103.467318"
"772","remote","74.988372"
"773","remote","96.711294"
"774","remote","135.723921"
"775","remote","108.019933"
"776","remote","107.022162"
"777","remote","96.445511"
"778","remote","115.772592"
"779","remote","112.374372"
"780","remote","44.523582"
"781","remote","119.105046"
"782","remote","135.03779"
"783","remote","113.341662"
"784","remote","49.068677"
"785","remote","155.084293"
"786","remote","29.452363"
"787","remote","126.155461"
"788","remote","205.520231"
"789","remote","14.423053"
"790","remote","127.652611"
"791","remote","97.155517"
"792","remote","87.669471"
"793","remote","100.65075"
"794","remote","86.319565"
"795","remote","64.46288"
"796","remote","131.375237"
"797","remote","82.36952"
"798","remote","76.541494"
"799","remote","73.858261"
"800","remote","61.107455"
"801","remote","24.151488"
"802","remote","67.139546"
"803","remote","143.352413"
"804","remote","61.994051"
"805","remote","27.027253"
"806","remote","69.731775"
"807","remote","141.556428"
"808","remote","147.032654"
"809","remote","81.87116"
"810","remote","42.730264"
"811","remote","111.972617"
"812","remote","53.177309"
"813","remote","22.679242"
"814","remote","63.358134"
"815","remote","94.849492"
"816","remote","25.651202"
"817","remote","49.572521"
"818","remote","120.419985"
"819","remote","23.687758"
"820","remote","130.811642"
"821","remote","92.705158"
"822","remote","22.694468"
"823","remote","133.545631"
"824","remote","109.342536"
"825","remote","116.186484"
"826","remote","45.529191"
"827","remote","84.045206"
"828","remote","57.824918"
"829","remote","85.351298"
"830","remote","22.284483"
"831","remote","82.571981"
"832","remote","62.86981"
"833","remote","133.32283"
"834","remote","47.054504"
"835","remote","23.73861"
"836","remote","27.874361"
"837","remote","22.210303"
"838","remote","25.227259"
"839","remote","128.837878"
"840","remote","48.269901"
"841","remote","126.580283"
"842","remote","50.806457"
"843","remote","34.070308"
"844","remote","59.034682"
"845","remote","71.800996"
"846","remote","70.687182"
"847","remote","92.869836"
"848","remote","29.475887"
"849","remote","87.088319"
"850","remote","1639.673171"
"851","remote","40.993966"
"852","remote","106.130052"
"853","remote","59.825655"
"854","remote","99.233138"
"855","remote","28.465693"
"856","remote","151.469564"
"857","remote","27.952961"
"858","remote","123.643764"
"859","remote","71.631986"
"860","remote","71.683909"
"861","remote","38.480767"
"862","remote","40.470452"
"863","remote","63.210886"
"864","remote","29.965029"
"865","remote","75.974232"
"866","remote","103.24813"
"867","remote","137.615483"
"868","remote","127.840139"
"869","remote","80.561483"
"870","remote","113.832801"
"871","remote","65.556084"
"872","remote","83.887012"
"873","remote","56.963628"
"874","remote","121.666583"
"875","remote","64.987887"
"876","remote","69.586085"
"877","remote","86.950032"
"878","remote","62.749936"
"879","remote","74.957549"
"880","remote","120.706208"
"881","remote","105.442435"
"882","remote","75.118569"
"883","remote","93.919763"
"884","remote","34.231216"
"885","remote","68.262022"
"886","remote","128.886294"
"887","remote","116.316465"
"888","remote","100.627834"
"889","remote","80.579497"
"890","remote","94.396381"
"891","remote","85.581204"
"892","remote","92.275302"
"893","remote","53.434604"
"894","remote","48.448409"
"895","remote","72.095418"
"896","remote","100.141206"
"897","remote","20.714041"
"898","remote","145.194571"
"899","remote","94.10943"
"900","remote","3221.491078"
"901","remote","80.192605"
"902","remote","132.311083"
"903","remote","72.96908"
"904","remote","37.867727"
"905","remote","22.55295"
"906","remote","89.781485"
"907","remote","75.499192"
"908","remote","24.906169"
"909","remote","42.79776"
"910","remote","105.764049"
"911","remote","107.386202"
"912","remote","84.994071"
"913","remote","23.282203"
"914","remote","87.163277"
"915","remote","16.094358"
"916","remote","110.10218"
"917","remote","143.003318"
"918","remote","51.774678"
"919","remote","62.07289"
"920","remote","106.382432"
"921","remote","28.806859"
"922","remote","56.463251"
"923","remote","69.183613"
"924","remote","19.979282"
"925","remote","56.512207"
"926","remote","118.535439"
"927","remote","20.618928"
"928","remote","62.555916"
"929","remote","86.08824"
"930","remote","140.058282"
"931","remote","66.578741"
"932","remote","73.866561"
"933","remote","53.737799"
"934","remote","21.963793"
"935","remote","54.133076"
"936","remote","145.958932"
"937","remote","80.756977"
"938","remote","39.083349"
"939","remote","33.026708"
"940","remote","48.802108"
"941","remote","60.745348"
"942","remote","143.504057"
"943","remote","108.634047"
"944","remote","130.341711"
"945","remote","21.815908"
"946","remote","29.871929"
"947","remote","143.712437"
"948","remote","105.055777"
"949","remote","76.423537"
"950","remote","98.785148"
"951","remote","29.807946"
"952","remote","96.113116"
"953","remote","142.895835"
"954","remote","50.422721"
"955","remote","19.432781"
"956","remote","97.797064"
"957","remote","55.113302"
"958","remote","60.406522"
"959","remote","125.4809"
"960","remote","100.688141"
"961","remote","117.423278"
"962","remote","62.255234"
"963","remote","26.552424"
"964","remote","59.880593"
"965","remote","32.10699"
"966","remote","117.41931"
"967","remote","88.990798"
"968","remote","136.124327"
"969","remote","63.093844"
"970","remote","73.257743"
"971","remote","139.139619"
"972","remote","125.017605"
"973","remote","106.545108"
"974","remote","108.046048"
"975","remote","127.285129"
"976","remote","115.595596"
"977","remote","55.237034"
"978","remote","99.105563"
"979","remote","134.794328"
"980","remote","117.007033"
"981","remote","130.16661"
"982","remote","63.098712"
"983","remote","18.492426"
"984","remote","59.505304"
"985","remote","51.933202"
"986","remote","83.653364"
"987","remote","47.603983"
"988","remote","133.725318"
"989","remote","104.88404"
"990","remote","111.962951"
"991","remote","25.825907"
"992","remote","18.00411"
"993","remote","101.8757"
"994","remote","94.745531"
"995","remote","137.182783"
"996","remote","32.601426"
"997","remote","114.001556"
"998","remote","73.168553"
"999","remote","125.57018"
"1000","remote","107.676617"
"1001","remote","38.992226"
"1002","remote","29.480231"
"1003","remote","134.185267"
"1004","remote","34.942655"
"1005","remote","74.869444"
"1006","remote","36.464887"
"1007","remote","78.951793"
"1008","remote","26.887001"
"1009","remote","211.966991"
"1010","remote","27.827603"
"1011","remote","119.116443"
"1012","remote","111.470815"
"1013","remote","72.873894"
"1014","remote","38.50317"
"1015","remote","99.335069"
"1016","remote","42.555978"
"1017","remote","186.730398"
"1018","remote","99.312756"
"1019","remote","114.380618"
"1020","remote","293.778936"
"1021","remote","32.796462"
"1022","remote","26.466542"
"1023","remote","30.758858"
"1024","remote","110.532921"
"1025","remote","37.308918"
"1026","remote","141.195748"
"1027","remote","42.298278"
"1028","remote","118.364444"
"1029","remote","119.396791"
"1030","remote","115.318451"
"1031","remote","165.874209"
"1032","remote","74.4412"
"1033","remote","169.551582"
"1034","remote","82.069258"
"1035","remote","87.849716"
"1036","remote","112.031229"
"1037","remote","233.226155"
"1038","remote","238.61474"
"1039","remote","112.121718"
"1040","remote","42.254483"
"1041","remote","22.674209"
"1042","remote","486.729109"
"1043","remote","41.616046"
"1044","remote","135.625468"
"1045","remote","241.020591"
"1046","remote","37.79402"
"1047","remote","459.981417"
"1048","remote","41.117762"
"1049","remote","23.011273"
"1050","remote","27.939277"
"1051","remote","41.81586"
"1052","remote","203.296611"
"1053","remote","248.51841"
"1054","remote","314.242826"
"1055","remote","78.889838"
"1056","remote","62.655295"
"1057","remote","33.63414"
"1058","remote","189.321637"
"1059","remote","144.395354"
"1060","remote","71.339393"
"1061","remote","562.720485"
"1062","remote","46.78536"
"1063","remote","184.445429"
"1064","remote","39.654421"
"1065","remote","322.752835"
"1066","remote","270.424341"
"1067","remote","115.055388"
"1068","remote","148.881992"
"1069","remote","153.007395"
"1070","remote","65.273196"
"1071","remote","232.62431"
"1072","remote","22.559193"
"1073","remote","223.526001"
"1074","remote","1188.528584"
"1075","remote","329.917344"
"1076","remote","27.71641"
"1077","remote","89.529191"
"1078","remote","30.953321"
"1079","remote","93.298452"
"1080","remote","83.288821"
"1081","remote","136.271285"
"1082","remote","308.321226"
"1083","remote","61.497257"
"1084","remote","1242.266382"
"1085","remote","108.07225"
"1086","remote","141.282687"
"1087","remote","76.587742"
"1088","remote","44.761275"
"1089","remote","109.237824"
"1090","remote","138.707786"
"1091","remote","87.39865"
"1092","remote","82.048399"
"1093","remote","122.724177"
"1094","remote","369.936386"
"1095","remote","130.130575"
"1096","remote","152.493342"
"1097","remote","91.290737"
"1098","remote","105.950002"
"1099","remote","95.915931"
"1100","remote","124.505252"
"1101","remote","150.623565"
"1102","remote","133.745372"
"1103","remote","58.341586"
"1104","remote","120.521465"
"1105","remote","149.367868"
"1106","remote","110.025253"
"1107","remote","118.958065"
"1108","remote","131.001554"
"1109","remote","140.210868"
"1110","remote","124.462565"
"1111","remote","72.787837"
"1112","remote","143.100359"
"1113","remote","66.32897"
"1114","remote","44.633301"
"1115","remote","105.823085"
"1116","remote","87.212507"
"1117","remote","86.268566"
"1118","remote","144.613397"
"1119","remote","79.04221"
"1120","remote","143.966011"
"1121","remote","140.282682"
"1122","remote","59.464348"
"1123","remote","60.710443"
"1124","remote","44.126086"
"1125","remote","144.637672"
"1126","remote","118.189558"
"1127","remote","126.67398"
"1128","remote","126.125906"
"1129","remote","65.568418"
"1130","remote","71.442323"
"1131","remote","110.574053"
"1132","remote","39.263936"
"1133","remote","68.933338"
"1134","remote","127.557256"
"1135","remote","126.746772"
"1136","remote","117.796464"
"1137","remote","81.48775"
"1138","remote","72.913551"
"1139","remote","33.137407"
"1140","remote","82.01191"
"1141","remote","89.892949"
"1142","remote","76.189911"
"1143","remote","73.847326"
"1144","remote","85.956555"
"1145","remote","34.258873"
"1146","remote","145.957519"
"1147","remote","102.333102"
"1148","remote","55.852534"
"1149","remote","110.838622"
"1150","remote","26.779308"
"1151","remote","122.378265"
"1152","remote","107.624552"
"1153","remote","93.830662"
"1154","remote","83.238212"
"1155","remote","76.926967"
"1156","remote","65.718343"
"1157","remote","106.819147"
"1158","remote","72.24428"
"1159","remote","121.175048"
"1160","remote","21.670737"
"1161","remote","89.01807"
"1162","remote","45.030471"
"1163","remote","49.037207"
"1164","remote","74.592007"
"1165","remote","93.079378"
"1166","remote","133.77923"
"1167","remote","102.996938"
"1168","remote","85.55249"
"1169","remote","127.026388"
"1170","remote","19.873219"
"1171","remote","118.47602"
"1172","remote","133.94415"
"1173","remote","77.934259"
"1174","remote","103.077007"
"1175","remote","78.20153"
"1176","remote","59.062922"
"1177","remote","57.711565"
"1178","remote","85.894551"
"1179","remote","131.962653"
"1180","remote","70.794622"
"1181","remote","116.065806"
"1182","remote","122.780297"
"1183","remote","132.497732"
"1184","remote","135.406986"
"1185","remote","139.665843"
"1186","remote","131.280375"
"1187","remote","92.988312"
"1188","remote","71.120925"
"1189","remote","66.923241"
"1190","remote","139.137525"
"1191","remote","67.247437"
"1192","remote","28.692415"
"1193","remote","111.979415"
"1194","remote","75.832245"
"1195","remote","109.322083"
"1196","remote","135.551378"
"1197","remote","53.792371"
"1198","remote","63.101293"
"1199","remote","138.242128"
"1200","remote","90.439328"
